1471-0048	Nature Reviews Neuroscience (online)
1460-2156	Brain (online)
1758-8936	Cognitive Neuroscience (online)
1878-108X	Trends in Neurosciences (online)
1863-2661	Brain Structure & function (online)
1530-8898	Journal of Cognitive Neuroscience (online)
1522-1598	Journal of neurophysiology (online)
1873-6246	Biological Psychology (online)
1573-6792	Brain topography (online)
1433-0350	Child's nervous system (online)
1529-2401	The Journal of Neuroscience (online)
1097-4199	Neuron (online)
1546-1726	Nature Neuroscience (online)
1460-2199	Cerebral Cortex (online)
1460-2156	Brain (online)
1095-9572	Neuroimage (online)
1097-0193	Human brain mapping (online)
1973-8102	Cortex (online)
1460-9568	EJN, European Journal of Neuroscience (online)
1470-8566	Supplement ... to the European journal of neuroscience (online)
1432-1106	Experimental Brain Research (online)
1873-3514	Neuropsychologia (online)
1545-4126	Annual Review of Neuroscience (online)